{"cameraMode":{"drawMode":0,"name":"Shaded","section":"Shading Mode"},"sceneLighting":true,"audioPlay":false,"sceneViewState":{"m_AlwaysRefresh":false,"showFog":true,"showSkybox":true,"showFlares":true,"showImageEffects":true,"showParticleSystems":true,"showVisualEffectGraphs":true,"m_FxEnabled":true},"in2DMode":false,"pivot":{"x":1.445754051208496,"y":1.138056755065918,"z":503.65313720703127},"rotation":{"x":-0.015003293752670288,"y":-0.0033325855620205404,"z":0.0003527608059812337,"w":1.0000110864639283},"size":110.62537384033203,"orthographic":true}