{"cameraMode":{"drawMode":0,"name":"Shaded","section":"Shading Mode"},"sceneLighting":true,"audioPlay":false,"sceneViewState":{"m_AlwaysRefresh":false,"showFog":true,"showSkybox":true,"showFlares":true,"showImageEffects":true,"showParticleSystems":true,"showVisualEffectGraphs":true,"m_FxEnabled":true},"in2DMode":false,"pivot":{"x":-6.939095973968506,"y":-3.949540138244629,"z":505.711669921875},"rotation":{"x":0.022498078644275667,"y":-0.004816160071641207,"z":0.0005171970697119832,"w":0.9998618960380554},"size":117.32341766357422,"orthographic":true}