{"cameraMode":{"drawMode":0,"name":"Shaded","section":"Shading Mode"},"sceneLighting":true,"audioPlay":false,"sceneViewState":{"m_AlwaysRefresh":false,"showFog":true,"showSkybox":true,"showFlares":true,"showImageEffects":true,"showParticleSystems":true,"showVisualEffectGraphs":true,"m_FxEnabled":true},"in2DMode":false,"pivot":{"x":1.6691190004348755,"y":1.4340801239013672,"z":487.3318786621094},"rotation":{"x":0.007488075643777847,"y":-0.01833244040608406,"z":0.0007683224393986166,"w":0.9999488592147827},"size":126.07133483886719,"orthographic":true}