{"cameraMode":{"drawMode":0,"name":"Shaded","section":"Shading Mode"},"sceneLighting":true,"audioPlay":false,"sceneViewState":{"m_AlwaysRefresh":false,"showFog":true,"showSkybox":true,"showFlares":true,"showImageEffects":true,"showParticleSystems":true,"showVisualEffectGraphs":true,"m_FxEnabled":true},"in2DMode":false,"pivot":{"x":-4.488071918487549,"y":-9.432880401611329,"z":189.73318481445313},"rotation":{"x":-0.022498684003949167,"y":0.008407408371567727,"z":-0.0001277218689210713,"w":-0.9997509717941284},"size":79.68812561035156,"orthographic":true}