{"cameraMode":{"drawMode":0,"name":"Shaded","section":"Shading Mode"},"sceneLighting":true,"audioPlay":false,"sceneViewState":{"m_AlwaysRefresh":false,"showFog":true,"showSkybox":true,"showFlares":true,"showImageEffects":true,"showParticleSystems":true,"showVisualEffectGraphs":true,"m_FxEnabled":true},"in2DMode":false,"pivot":{"x":-15.882916450500489,"y":25.0604305267334,"z":-95.54206848144531},"rotation":{"x":-0.09285552054643631,"y":-0.015524990856647492,"z":0.001451114541850984,"w":-0.9955649375915527},"size":50.723854064941409,"orthographic":true}